_id,_cat_country,_city,_housemates,_housemates_emoji,pet,_pet,transportation,_transportation,_transportation_emoji,_favorite_food,_important,,_project_link,_drawing_room,_drawing_neighbourhood,_photo_window,_photo_breakfast,,Category,Emoji
0,mexico,Tuxtla Gutierrez,My mom,ğŸ‘©â€ğŸ¦³,"Dog, white french poodle",dog,car,car,ğŸš—,Poke bowls,"Being creative, Making a positive contribution to the world, My parents being proud of me",,https://drive.google.com/file/d/17mRgqU1aofNFuYrjFiYGE52J76G2xW2t/view,https://drive.google.com/uc?id=1I4JZzSErBOiIKGcIlnEsq01qbaTZiMXR,https://drive.google.com/uc?id=1ETMHnppGLvNDb6zxL1VGiJEHk2VIm99s,https://drive.google.com/file/d/1elpxKy7VnMy9f4B2aBL5uCa_7UHBo_Q8/view?usp=sharing,https://drive.google.com/file/d/1jhJ0Z1A73L6iByNSrtXGLlJScxTn_CxJ/view?usp=sharing,,car,ğŸš—
1,sweden,Uppsala,partner and two kids (1.5 and 3.5 years),ğŸ‘¨â€ğŸ‘©â€ğŸ‘§â€ğŸ‘¦,,,cycling,bicycle,ğŸš²,magluba,Making a positive contribution to the world,,https://docs.google.com/presentation/d/1BjAbc_vU5b6oB-ppfpuBHvRoV1dWVw555niQK1JFBDk/edit#slide=id.gd7f7966329_0_19,https://drive.google.com/uc?id=1j_8SqR7IlqTOGSc1cYafMsT7dpCl2VSx,,https://drive.google.com/file/d/1SrRbEUd9RJmyUCJ18cHfL1sVG2vl1sP2/view?usp=sharing,https://drive.google.com/file/d/1aFWO_wRbmiAFn3rv2nT9sfRQECqMt1WJ/view?usp=sharing,,bicycle,ğŸš²
2,kenya,Nairobi,Alone,,Chihuahua,dog,public transport,public transport,ğŸš,Grilled meat and fillets,"Being creative, Helping other people, Making enough money to maintain myself and others, Making a positive contribution to the world, My parents being proud of me",,,,,,,,public transport,ğŸš
3,kenya,nairobi,parents and siblings,ğŸ‘¨â€ğŸ‘©â€ğŸ‘¦â€ğŸ‘¦,dog,dog,public transport,public transport,ğŸš,chapati,Making a positive contribution to the world,,https://www.dropbox.com/scl/fi/6jhz15ixefdstjncxw693/Page-Documentation.paper?dl=0&rlkey=icxk0u4punoa960l3tyd2bufm,,,https://drive.google.com/file/d/1ENWLoT6dWXB-8ENyyxF_hcs_3g6F46pr/view?usp=sharing,https://drive.google.com/file/d/1kUlzlQCqqYoqHO6P7qjrn7XpGmoiBDpu/view?usp=sharing,,scooter,ğŸ›µ
4,netherlands,Sint Pancras,My parents,ğŸ’‘,,,public transport,public transport,ğŸš,"I don't have a favourite food, I like everything in moderation","Being creative, Making a positive contribution to the world, My parents being proud of me",,,,,https://drive.google.com/file/d/1u7z8-xrBnlfugqhw0WA5-imN4wtrpgqv/view?usp=sharing,https://drive.google.com/file/d/12SLMOeoHIKlsUNVf2Q-aj7ZFR8Lf_u9P/view?usp=sharing,,walking,ğŸš¶ğŸ½
5,kenya,Nairobi ,Parents,ğŸ’‘,Cat,cat,public transport,public transport,ğŸš,Rice and beans,"Being creative, Helping other people, Making enough money to maintain myself and others, Making a positive contribution to the world, My parents being proud of me",,,,,,,,motorcycle,ğŸ
6,netherlands,Amsterdam,2 Roommates,ğŸ’ƒğŸ½ğŸ•º,,,public transport,public transport,ğŸš,Mexican,"Being creative, Helping other people, Making enough money to maintain myself and others",,,,,https://drive.google.com/file/d/1ExOeQF9rP-92Gilgii_tcWyWIXZcCYtu/view?usp=sharing,https://drive.google.com/file/d/1roO_pY_wExlB2Wc08EXk2xZItikcsw8T/view?usp=sharing,,all,ğŸš—ğŸš²ğŸšğŸ›µğŸš¶ğŸ½ğŸ
7,netherlands,Amsterdam,Two other students,ğŸ§‘ğŸ¼â€ğŸ“ğŸ§‘ğŸ¼â€ğŸ“,,,Scooter,Scooter,ğŸ›µ,Taco's,"Helping other people, Making a positive contribution to the world",,,,,https://drive.google.com/file/d/1UC4gHQGcelV9hWo4KAu2AK-lIA4amke4/view?usp=sharing,https://drive.google.com/file/d/10bLdRCeJaTC73NISDSar6m38Z6V1GTuL/view?usp=sharing,,,
8,netherlands,Amsterdam ,nobody ,,,,cycling,bicycle,ğŸš²,linzen soep ,"Being creative, Helping other people, Making enough money to maintain myself and others",,,,,https://drive.google.com/file/d/1CdaXrp2c-FtEBQQSBHM-BAuB7vLAA7DP/view?usp=sharing,https://drive.google.com/file/d/1ser6e5q31uGbAM21mGoO0kDf0DukjvcS/view?usp=sharing,,,
9,austria,Thalheim bei Wels,girlfriend,ğŸ’â€â™€ï¸,,,car,car,ğŸš—,Pizza,"Being creative, Helping other people, Making enough money to maintain myself and others, Making a positive contribution to the world, Getting wealthy",,https://www.notion.so/Project-Documentation-a78b21064161463c9535f9ff45dad3fd,,,https://drive.google.com/file/d/11JOPV28kr_s3UFjzdjVQGvd7ahiGi6WV/view?usp=sharing,https://drive.google.com/file/d/1av9AZuyF67khUNNa6uljnspyp61jFhJl/view?usp=sharing,,,
10,austria,Linz,My mum,ğŸ‘©â€ğŸ¦³,,,car,car,ğŸš—,meat,"Making enough money to maintain myself and others, Making a positive contribution to the world, Getting wealthy, My parents being proud of me",,https://drive.google.com/file/d/1eQsdCgssl7bHc6aLo4QaVzOZFIYPoNDT/view?usp=sharing,,,https://drive.google.com/file/d/1R9rfBKCbGJ6uIe3f0jh8YR26o2-4ItAQ/view?usp=sharing,,,,
11,austria,Linz,"Mum, Dad, little Sister, Grandma, Grandpa",ğŸ‘¨â€ğŸ‘©â€ğŸ‘¦â€ğŸ‘¦,Cat,cat,car,car,ğŸš—,Pizza,"Helping other people, Making enough money to maintain myself and others, Making a positive contribution to the world, Getting wealthy, My parents being proud of me",,,,,https://drive.google.com/file/d/19Mw11FrrcZQ0ZvzVfm3USDz2lBj-RzGf/view?usp=sharing,https://drive.google.com/file/d/1jwlWJ4_W0hsLP2mZ1fyGkuHB6XM4I69h/view?usp=sharing,,,
12,austria,Wels,Mum & Dad,ğŸ‘©â€â¤ï¸â€ğŸ‘¨,,,car,car,ğŸš—,Lasagne,"Being creative, Helping other people, Making enough money to maintain myself and others",,https://www.notion.so/Project-Documentation-a78b21064161463c9535f9ff45dad3fd,https://drive.google.com/uc?id=1lpQbabj-c_CnlXe2attnnqpJD-j2KNSo,,https://drive.google.com/file/d/1wMrc0qWSgZsEx-GC0ohWLfMvMJVXpPn2/view?usp=sharing,,,,
13,austria,Holzhausen,parents,ğŸ’‘,,,car,car,ğŸš—,Pizza,"Being creative, Making enough money to maintain myself and others, Making a positive contribution to the world, Getting wealthy, My parents being proud of me",,https://drive.google.com/file/d/1eQsdCgssl7bHc6aLo4QaVzOZFIYPoNDT/view?usp=sharing,,,https://drive.google.com/file/d/1Bbpmomjx4PfRz3z8Q6Hh6wjQlW2LlQHl/view?usp=sharing,,,,
14,kenya,Kibera,Alone,,,,public transport,public transport,ğŸš,Chapati with Chicken,"Being creative, Helping other people, Making enough money to maintain myself and others, Making a positive contribution to the world",,,https://drive.google.com/uc?id=1Q0H7MZrJF9bJy4wrDW6RmCR3ciwlQyJm,https://drive.google.com/uc?id=13tGrkpLWEKK9_em3TFfHAM_8xBGmZWUM,https://drive.google.com/file/d/1Wic07keQ30Z54ExEZl5asEyzCU7CNvX2/view?usp=sharing,https://drive.google.com/file/d/1CzIGbQlqO-81rhJsTyRKw0qI8MiozJXl/view?usp=sharing,,,
15,mexico,Mexico state,With my parents and brothers,ğŸ‘¨â€ğŸ‘©â€ğŸ‘¦â€ğŸ‘¦,,,walking,walking,ğŸš¶ğŸ½,Pozole,"Being creative, Helping other people, Making enough money to maintain myself and others, Making a positive contribution to the world, Getting wealthy, My parents being proud of me",,https://drive.google.com/file/d/13CZGt9zGMTKFKLtHdjDOTv0LQcoVgEvd/view?usp=sharing,https://drive.google.com/uc?id=1nFdAT4dQ8Omj1USP8g80Qp9pJV-kj86I,https://drive.google.com/uc?id=1ahEbGzwhfiNEoxgNx-v9uddVZ0qi3S7H,https://drive.google.com/file/d/1_cJvsAvOPRbaQVuDNc7QYTBD8pyhLRg7/view?usp=sharing,https://drive.google.com/file/d/1pXWxStkTmKx19zmazqaOwu6nfQZfsf-3/view?usp=sharing,,,
16,austria,Steyr,i have my own appartment,,,,walking,walking,ğŸš¶ğŸ½,chicken,"Making enough money to maintain myself and others, Getting wealthy, My parents being proud of me",,https://www.notion.so/Project-Documentation-Page-ad491f59559e4416b5353f44ec847956,https://drive.google.com/uc?id=1qtmJjnlJhHrvI0p9QL4myfhWCoL-O2SW,https://drive.google.com/uc?id=1tfX0NFiUqmvWWRvD0_iuecwEWeJlRN_a,https://drive.google.com/file/d/169SGSUTm2T4yv7L4P036tYM9DhJ9cdv8/view?usp=sharing,,,,
17,qatar,Doha,My Family,ğŸ‘¨â€ğŸ‘©â€ğŸ‘¦â€ğŸ‘¦,,,car,car,ğŸš—,I dont have one,"Being creative, Helping other people, My parents being proud of me",,https://www.canva.com/design/DAEfnYkv2ME/ReMsBm6tx--R2sw_GcQyRQ/view?utm_content=DAEfnYkv2ME&utm_campaign=designshare&utm_medium=link&utm_source=homepage_design_menu,https://drive.google.com/uc?id=1aIK9XKT5ogvwoPU_8YLCYVoYcPyKK7sS,https://drive.google.com/uc?id=1o94Sa5OyPxNkZRCPm2MLb6SxlfAtNZfH,,,,,
18,austria,Mauthausen,My parents,ğŸ’‘,,,"really different, i actually use all of them",all,ğŸš—ğŸš²ğŸšğŸ›µğŸš¶ğŸ½ğŸ,"Italian (pasta, pizza, ...)",Making enough money to maintain myself and others,,,,,https://drive.google.com/file/d/1jlxR71EcMZ5u70ppu1Geot4FpUuyfjaO/view?usp=sharing,https://drive.google.com/file/d/1c2_s_VA1wo1LZZEsiyHqAWT8J2svwr16/view?usp=sharing,,,
19,mexico,"Veracruz, Veracruz",Mom and sister,ğŸ‘©â€ğŸ‘§,A dog,dog,public transport,public transport,ğŸš,Chilaquiles rojos with chicken or meat ,"Being creative, Helping other people, Making a positive contribution to the world",,https://drive.google.com/file/d/1H4H3C4SLRCLqPdKCcwQ3MSJZPbMptnLM/view?usp=sharing,https://drive.google.com/uc?id=1K0hBJgWjP2Nto0xK53Ts0ViNqLrmgOrL,https://drive.google.com/uc?id=17FXIpsPzXTUfnpi621aR6Jik8ATNVMGT,https://drive.google.com/file/d/1foTvn4gkBWBqGvzpO7Nrc3Rt6OntNiq-/view?usp=sharing,https://drive.google.com/file/d/1uke1ecpbk59s1YBwLLBdOFMqv2lemJbP/view?usp=sharing,,,
20,netherlands,Purmerend,Parents + sister,ğŸ‘¨â€ğŸ‘©â€ğŸ‘¦,,,walking,walking,ğŸš¶ğŸ½,The Indonesian kitchen,"Being creative, Helping other people, Making a positive contribution to the world",,,,,,https://drive.google.com/file/d/11LixIvDwHTdTHadtiqb5fJblIJ4wHutd/view?usp=sharing,,,
21,indonesia,bandung,alone,,,,motocycle,motorcycle,ğŸ,everything.. with rice,"Being creative, Making enough money to maintain myself and others, My parents being proud of me",,,,,https://drive.google.com/file/d/167byz165K7Ml2S5pe5E8Rsv73gEbMTFv/view?usp=sharing,https://drive.google.com/file/d/19ecBv3c15ayfvm5OOpDE5XlpRqgX3fm4/view?usp=sharing,,,
22,indonesia,Bandung,My son,ğŸ‘¦,,,car,car,ğŸš—,chicken satay,"Being creative, Helping other people, Making a positive contribution to the world",,,,,https://drive.google.com/file/d/1o2El-ks4BSgMeZHq2QfUaWdbGqJGHTef/view?usp=sharing,https://drive.google.com/file/d/1hcJir75SZidm1V8LPB4JhUX0Pg_6SjfO/view?usp=sharing,,,
23,mexico,Estado de MÃ©xico,parents and one sister ,ğŸ‘¨â€ğŸ‘©â€ğŸ‘¦,dogs,dog,car,car,ğŸš—,pasta,"Being creative, Making a positive contribution to the world",,,,,,,,,
24,indonesia,Jakarta Selatan,Parents,ğŸ’‘,-,,public transport,public transport,ğŸš,"Cookies & cream cheesecake, chocolate, sushi","Being creative, Helping other people, Making enough money to maintain myself and others, Making a positive contribution to the world, My parents being proud of me, Having a profession that align with my values and goal",,https://www.notion.so/Data-Visualization-Draft-b9359c09129648d78a329a69fc95e9be,,,https://drive.google.com/file/d/1a9G9JGBQ9Psb7v0qX8TidgyxpaV-ock1/view?usp=sharing,https://drive.google.com/file/d/1UJH-wJXgvZ1ISIRZ-cOWiUr-CwJ7Qfkz/view?usp=sharing,,,
25,canada,North York ,Family ,ğŸ‘¨â€ğŸ‘©â€ğŸ‘¦â€ğŸ‘¦,,,public transport,public transport,ğŸš,Sushi,"Being creative, Making enough money to maintain myself and others",,,https://drive.google.com/uc?id=19PWNBz_Qy5wFMAhVt0eUDew9Q04RpU0K,https://drive.google.com/uc?id=1lLcQwI1yKdw4bUBKygvd7dKTYSxF48D-,,https://drive.google.com/file/d/1vl_l7YMtBd3TkDuBmsYZo8A49uz7VzcM/view?usp=sharing,,,
26,austria,Linz,my parents,ğŸ’‘,,,car,car,ğŸš—,pizza,"Helping other people, Making enough money to maintain myself and others",,https://www.notion.so/Project-Documentation-14e0b169b8804554995f75cabc5e962d,,,https://drive.google.com/file/d/19_d1bEyCdR91HAs9GqX3E-qSQHEjNqhL/view?usp=sharing,,,,
27,austria,steyr,my brother,ğŸ™‹ğŸ½â€â™‚ï¸,dog,dog,walking,walking,ğŸš¶ğŸ½,tortillas,Making a positive contribution to the world,,,,,https://drive.google.com/file/d/1vfQAEGsfcdcd_Kv1eM35CFNyeJ5FAaAb/view?usp=sharing,,,,
28,austria,Steyr,my brother Simon,ğŸ™‹ğŸ½â€â™‚ï¸,,,walking,walking,ğŸš¶ğŸ½,mexican or asian cuisine ,"Making enough money to maintain myself and others, Making a positive contribution to the world, Getting wealthy",,,,,https://drive.google.com/file/d/1m4K0xpKaqev-JNbEye6HQ7zLqU--qjO-/view?usp=sharing,,,,
29,united states,"Atlanta, Georgia",My daughter,ğŸ‘§,No,,car,car,ğŸš—,Multi-Cultural,"Being creative, Helping other people, Making enough money to maintain myself and others, Making a positive contribution to the world, Getting wealthy",,,,,https://drive.google.com/file/d/1IM1CtInapg1N5lZaJzSL4auom8IgfJ5p/view?usp=sharing,https://drive.google.com/file/d/1Eo9Sx3p605x4PBc5WpnSQpKrKScic7BR/view?usp=sharing,,,
30,austria,Steyr,alone,,cat,cat,cycling,bicycle,ğŸš²,austrian,"Making enough money to maintain myself and others, Getting wealthy",,,,,https://drive.google.com/file/d/1i_UMiUEIt9orkE5SB_I9LFQIuDB8kYOm/view?usp=sharing,https://drive.google.com/file/d/1GAx7GJOiTVTC_3H5S5fRJWwlPixrhFkc/view?usp=sharing,,,
31,indonesia,Cilegon,Family,ğŸ‘¨â€ğŸ‘©â€ğŸ‘¦â€ğŸ‘¦,cat,cat,car,car,ğŸš—,Terong Balado,"Being creative, Helping other people, Getting wealthy, My parents being proud of me",,,,,https://drive.google.com/file/d/14ftNBARjZBraJpAp9INipxNA-3jL7ZT6/view?usp=sharing,https://drive.google.com/file/d/1M8vLPA5XLbdNK0ZU0WDtiERR8ORxG3Dx/view?usp=sharing,,,
32,indonesia,Bandung,My mother,ğŸ‘©â€ğŸ¦³,,,car,car,ğŸš—,Noodles ,"Being creative, Helping other people, Making enough money to maintain myself and others, Making a positive contribution to the world",,,https://drive.google.com/uc?id=15-XRQOsxkH3oEt1-dodKSwh45rhL062W,,https://drive.google.com/file/d/1PaUPq9xLvuE_hsI85g0Vwd3nRWuGrqE9/view?usp=sharing,https://drive.google.com/file/d/1HMdZUa8D7F_idRHkkkyPpm9A2lDbqDfa/view?usp=sharing,,,
33,austria,Vienna,Girlfriend,ğŸ’â€â™€ï¸,2 Cats,cat,public transport,public transport,ğŸš,Pizza,"Making enough money to maintain myself and others, My parents being proud of me",,,,,https://drive.google.com/file/d/1q7haI0d-rtiKxd9gpmMzFfDt04S72-_D/view?usp=sharing,,,,
34,indonesia,Bandung,Family,ğŸ‘¨â€ğŸ‘©â€ğŸ‘¦â€ğŸ‘¦,,,motorcycle,motorcycle,ğŸ,"Meat ball, meat, mie, fruits, vegetables, pizza, milk, chocolate, spicy food, many more","Being creative, Helping other people, Making enough money to maintain myself and others, Making a positive contribution to the world, Getting wealthy, My parents being proud of me",,,,,https://drive.google.com/file/d/1tQNa600Ua98afOYEzFJ0VBZNZelp0vbu/view?usp=sharing,https://drive.google.com/file/d/1vwWA02lj8sfcb4iHaT3MNHRHtHumFOJA/view?usp=sharing,,,
35,indonesia,Bandung,Parents and sisters,ğŸ‘¨â€ğŸ‘©â€ğŸ‘§â€ğŸ‘§,Hamster,hamster,car and bike,"car, bike",ğŸš—ğŸš²,something sweet,"Being creative, Helping other people, Making enough money to maintain myself and others, Making a positive contribution to the world, Getting wealthy, My parents being proud of me",,,,,,,,,
36,indonesia,Bandung,Parents,ğŸ’‘,,,public transport,public transport,ğŸš,Burger,"Being creative, Helping other people, Making enough money to maintain myself and others, Making a positive contribution to the world, Getting wealthy, My parents being proud of me",,,,,,,,,
37,indonesia,Bekasi,Parents,ğŸ’‘,lovebird,bird,public transport,public transport,ğŸš,rice,"Being creative, Helping other people, Making enough money to maintain myself and others, Making a positive contribution to the world, Getting wealthy, My parents being proud of me",,,,,https://drive.google.com/file/d/18JAsaBtBCTp0n_2IUCUwF9DoKk-Y1gNM/view?usp=sharing,https://drive.google.com/file/d/1WydHjPhB4l_gqMcljmXo0em3VgT0tUbd/view?usp=sharing,,,
38,indonesia,South Tangerang,"my mom, dad, and little sister",ğŸ‘¨â€ğŸ‘©â€ğŸ‘§,,,car,car,ğŸš—,sushi,"Being creative, Helping other people, Making enough money to maintain myself and others, Making a positive contribution to the world, My parents being proud of me",,,,,https://drive.google.com/file/d/1BVUnbHJ1HBZX-kWw58i-k_tkiGFyevZn/view?usp=sharing,https://drive.google.com/file/d/12RqNs5nP0R8_t7f3Jr8Rttp_WPUtWCgg/view?usp=sharing,,,
39,indonesia,Jakarta,My Parents,ğŸ’‘,Dog,dog,public transport,public transport,ğŸš, I dont have any (Pizza/Brownies maybe),"Being creative, Helping other people, Making enough money to maintain myself and others, My parents being proud of me",,,,,,https://drive.google.com/file/d/1mj9R8KbHs5cp0EKvFbsY_G8-DxV86bIO/view?usp=sharing,,,
40,canada,Iona Station,My boyfriend and his parents ,ğŸ’‘,Two cats and two dogs. ,"cat",car,car,ğŸš—,Don't have one. ,"Being creative, Helping other people, Making enough money to maintain myself and others",,https://elyse-kelly.gitbook.io/home-births-midwives/visualizing-data,https://drive.google.com/uc?id=1qWkejbVpvXPp8aqhBbkYNqVIpW6Vf4xx,https://drive.google.com/uc?id=1h13a0_ZdFP85gdB9bRLvWsWzTx_IAW2i,https://drive.google.com/file/d/15_azWbu37DrBerdweaXWt3tAb_EdalQO/view?usp=sharing,https://drive.google.com/file/d/1pBQo7L-rlm2_-ZnkR5sH4RApQU3cdXCC/view?usp=sharing,,,
41,netherlands,Purmerend/Amsterdam,My parents,ğŸ’‘,a dwarf-hamster,hamster,Both public transport and walking,"public transport, walking",ğŸšğŸš¶ğŸ½,Italian food,"Being creative, Helping other people, Making enough money to maintain myself and others, Making a positive contribution to the world",,https://drive.google.com/file/d/1XEabEz-LiMgVGjSeQVUmL3sAntO1RwcC/view,https://drive.google.com/uc?id=1_6q3NPFHiWgh8uBIERUKyn9NAtggd6fM,,https://drive.google.com/file/d/1aBT5DqFG2KsXxgFqGkKLMOswMlNrXBF8/view?usp=sharing,https://drive.google.com/file/d/1G1IuIwzWnHeNWYg5essxXDmyN4N9numv/view?usp=sharing,,,
42,netherlands,Amsterdam,"Two roommates/friends (women, both 22)",ğŸ‘©ğŸ½â€ğŸ“ğŸ‘©ğŸ½â€ğŸ“,,,cycling,bicycle,ğŸš²,Roti and pizza,"Being creative, Making enough money to maintain myself and others, Making a positive contribution to the world",,https://designedformen.nl/,https://drive.google.com/uc?id=1_NMq2rffl-Kig_gye4CniN6I7rzOKWzK,https://drive.google.com/uc?id=1gBgrDOI-gG56nIWxI9huTlJauLiItb3R,https://drive.google.com/file/d/1mK5fa6UvU7CZ7itiDtx6fuirRlTIm1Xt/view?usp=sharing,https://drive.google.com/file/d/1aOC2Zu2R4c28r1tKcQTxMh4W87KcmRA4/view?usp=sharing,,,
43,netherlands,Amsterdam,My mom,ğŸ‘©â€ğŸ¦³,,,cycling,bicycle,ğŸš²,Saag paneer,"Being creative, Helping other people, Making enough money to maintain myself and others, Making a positive contribution to the world",,https://countnick.github.io/women-and-water/,,,https://drive.google.com/file/d/11y2x-mmBC0dRXD0Vv-w8ZnShmcIICTuj/view?usp=sharing,,,,
44,mexico,MÃ©xico City,Mom and sister,ğŸ‘©â€ğŸ‘§,,,car,car,ğŸš—,Chicken wings,"Being creative, Helping other people, Making a positive contribution to the world",,https://docs.google.com/presentation/d/1BjAbc_vU5b6oB-ppfpuBHvRoV1dWVw555niQK1JFBDk/edit#slide=id.gd7f7966329_0_19,https://drive.google.com/uc?id=1bJmWYvyisd32Xo4dBZiF1zso3kS5HueS,https://drive.google.com/uc?id=1tyKGv0Kn96FOLhq-DErID21i-XHtGatZ,https://drive.google.com/file/d/1kpYPDK9MVkvGqQUWVZpz1JVCXNjbyIqm/view?usp=sharing,https://drive.google.com/file/d/1PAuDHnciIFh38iGe8vGKOVc7d2RWFclq/view?usp=sharing,,,
45,netherlands,Haarlem,Roommate,ğŸ•º,,,cycling,bicycle,ğŸš²,Curry,"Being creative, Making enough money to maintain myself and others, Making a positive contribution to the world",,https://drive.google.com/file/d/1k6QJGjG-9vpU6QZzS_Chttyrl-op6Snu/view,https://drive.google.com/uc?id=1bRb3ZcBetRDdBrzM7rpCgZRlExeduY1v,https://drive.google.com/uc?id=1lxzYDVdCvVfm_XerAlLGn2FVKXPGO_DZ,https://drive.google.com/file/d/1kYHEZK3SaT64dZWJD1-e2j4CzwC-v6j_/view?usp=sharing,https://drive.google.com/file/d/1LCaLqboaX8RnCKOgBDS6HMxK4908v0qM/view?usp=sharing,,,
46,mexico,CDMX,"Mom, dad, grandma, uncle and brother",ğŸ‘¨â€ğŸ‘©â€ğŸ‘§â€ğŸ‘¦,,,public transport,public transport,ğŸš,Spaghetti,"Being creative, Helping other people, Making enough money to maintain myself and others, Making a positive contribution to the world",,,,,,,,,
47,canada,Mississauga ,"My family (mother, father, brother and sister)",ğŸ‘¨â€ğŸ‘©â€ğŸ‘§â€ğŸ‘¦,Puppy! ,dog,car,car,ğŸš—,Sushi,"Being creative, Helping other people, Making a positive contribution to the world",,https://cadancetan.wixsite.com/youth-homeless,https://drive.google.com/uc?id=1YcicbAEMHZOW_q8AzLWdwYXoVSCPUeWj,https://drive.google.com/uc?id=1D72zTaLBHScJ9BEthAsd4kNsqGGExHaQ,https://drive.google.com/file/d/1T54TVnOrxQdWvm4XrrvInWC9hCdN9QR_/view?usp=sharing,https://drive.google.com/file/d/1ILo5nnZywmDyLgu1YHX2eLPJR9neCuTO/view?usp=sharing,,,
48,mexico,Tlalnepantla. Estado de MÃ©xico,I live with my mom and her husband,ğŸ’‘,I have a dog. We adopted her 2 years ago.,dog,public transport,public transport,ğŸš,"I really love pozole, chilaquiles and chochinita pibil","Being creative, Helping other people, Making enough money to maintain myself and others, Making a positive contribution to the world, Getting wealthy, My parents being proud of me",,https://drive.google.com/file/d/1RMLIFGt-NmppR1Wwi4ck5RgPVN8BT12M/view?usp=sharing,https://drive.google.com/uc?id=1o2P-KZzy0jYVHO9IHiGtfTN7sdWFJPLF,,https://drive.google.com/file/d/1toEGe1wVmibaeWibgdtGmV7Gj2sTv5QU/view?usp=sharing,,,,
49,canada,"Scarborough (Toronto,ON)",My family ,ğŸ‘¨â€ğŸ‘©â€ğŸ‘§â€ğŸ‘¦,Cat,cat,car,car,ğŸš—,Tacos ,"Being creative, Helping other people, Making enough money to maintain myself and others, Making a positive contribution to the world, My parents being proud of me",,https://docs.google.com/presentation/d/13WO6bbl8d3Ge5fKsIlCqmufJZZMilTnOLVLExpHYU3Q/edit?ts=60afaa51#slide=id.p,https://drive.google.com/uc?id=1z_I7lHUPgvfta2Ch5kgpeXXIAcJegSlF,https://drive.google.com/uc?id=1LuJKEiXfMZ8ALr8sPEbWM74MXEdEC533,https://drive.google.com/file/d/1kSafPiaLgoIw3PxJKRMMqHkMbvpzvQz2/view?usp=sharing,https://drive.google.com/file/d/1hdBddibhQipXQevzdjweaCz8-IcqBh5c/view?usp=sharing,,,
50,austria,Steinhaus,With my parents,ğŸ’‘,,,car,car,ğŸš—,Pizza,Making a positive contribution to the world,,https://public.tableau.com/app/profile/olivia.hobbie/viz/Survey_Visulisation_Leitmann_Hobbie/Finaloverview,https://drive.google.com/uc?id=1iqqEzzJ0o1pL87_PGuamD5ka7tP-HaQh,https://drive.google.com/uc?id=1mqzYnWStrv0Ur4g4zzM89oDRVidIzuj_,https://drive.google.com/file/d/1_adxYzBu2MUqFWpEmCD4QwtWcRF9UEAK/view?usp=sharing,,,,
51,canada,Toronto,"Father, mother, older sister",ğŸ‘¨â€ğŸ‘©â€ğŸ‘§â€ğŸ‘¦,,,car,car,ğŸš—,Vietnamese food,"Being creative, Making enough money to maintain myself and others, Making a positive contribution to the world",,https://www.notion.so/Jo-Ann-s-Project-Documentation-Page-3a24c0b8fc9f47d585fb6e7cc4d1764c,https://drive.google.com/uc?id=1cXJkMcd4YzHD-GNLXDZceMbexBhA882_,https://drive.google.com/uc?id=19jJRMGnLj_J1SceiaqiLU3KO8JvhyKFf,https://drive.google.com/file/d/1BVrFXX6oq2CE9o1BcuEq9KwRZ-79s0SQ/view?usp=sharing,,,,
52,austria,Steyr,Colleague,ğŸ§‘â€ğŸ’»,,,walking,walking,ğŸš¶ğŸ½,pancakes,"Making enough money to maintain myself and others, Making a positive contribution to the world, Getting wealthy",,,,,,,,,
53,canada,Verona,My parents and two younger siblings.,ğŸ‘¨â€ğŸ‘©â€ğŸ‘§â€ğŸ‘¦,Dog and Cat,dog,car,car,ğŸš—,Oats,"Being creative, Helping other people, Making enough money to maintain myself and others, Making a positive contribution to the world",,,,,,,,,
54,kenya,Nairobi,Sister,ğŸ™‹â€â™€ï¸,None,,public transport,public transport,ğŸš,Biriani,"Helping other people, Making enough money to maintain myself and others, Making a positive contribution to the world, My parents being proud of me",,,,,,,,,
55,austria,Steyr,Students/friends,ğŸ™‹ğŸ™‹,horses,horse,"cycling if possible, otherwise car","bicycle, car",ğŸš²ğŸš—,Quinoa salad,"Being creative, Helping other people, Making enough money to maintain myself and others, Making a positive contribution to the world",,https://drive.google.com/file/d/1ALVZRXEjmOonc4gTMbebK-Y-ChZUyDbe/view?usp=sharing,https://drive.google.com/uc?id=1zOli2Fp1bU_Os_7ACUtFko809qKe8SUR,https://drive.google.com/uc?id=1ruLyxdtTJ6CRlzz6KtUTWoO2CoA-9-RF,https://drive.google.com/file/d/1TZJNfOZv_75Ksc7_E6C1lb0v3XadG4ki/view?usp=sharing,https://drive.google.com/file/d/1CuQ_quRqo--ce4VDddlZMNVHsHhuQSJA/view?usp=sharing,,,
56,india,Delhi,My family,ğŸ‘¨â€ğŸ‘©â€ğŸ‘§â€ğŸ‘¦,,,public transport,public transport,ğŸš,Butter chicken,"Making enough money to maintain myself and others, Making a positive contribution to the world, Getting wealthy, My parents being proud of me",,,,,,https://drive.google.com/file/d/1K-ek37XF4KAVdHQ7H4V3JhfRS2jlD5Yp/view?usp=sharing,,,
57,kenya,Nairobi,parents,ğŸ’‘,,,walking,walking,ğŸš¶ğŸ½,Pilau and mixed Vegetables,"Being creative, Making enough money to maintain myself and others, Making a positive contribution to the world, My parents being proud of me",,,,,,,,,
58,kenya,Nairobi,Parents,ğŸ’‘,,,public transport,public transport,ğŸš,Fish,"Being creative, Making enough money to maintain myself and others, My parents being proud of me",,,,,,,,,
59,kenya,Nairobi,Brother,ğŸ’ğŸ¼â€â™‚ï¸,,,public transport,public transport,ğŸš,rice and chicken,Making a positive contribution to the world,,,,,,,,,
60,kenya,Nairobi,My parents and 3 siblings,ğŸ‘¨â€ğŸ‘©â€ğŸ‘§â€ğŸ‘¦,,,public transport,public transport,ğŸš,Rice and meat,"Being creative, Making enough money to maintain myself and others",,,,,,,,,
61,kenya,Nairobi,I live alone,,,,public transport,public transport,ğŸš,yogurt,"Being creative, Helping other people, Making a positive contribution to the world",,,,,,,,,
62,kenya,Nairobi,mom and sister,ğŸ‘©â€ğŸ‘§,Dog,dog,public transport,public transport,ğŸš,Biriani,"Being creative, Making a positive contribution to the world, My parents being proud of me",,,,,,,,,
63,mexico,State of Mexico,"With my parents, my 2 sisters and my brother",ğŸ‘¨â€ğŸ‘©â€ğŸ‘§â€ğŸ‘¦,"I have a 2 dogs, 3 cats, 1 turtle, 1 boa and 1 fish",dog,public transport,public transport,ğŸš,Enfrijoladas,"Being creative, Helping other people, Making enough money to maintain myself and others, Making a positive contribution to the world, My parents being proud of me",,https://drive.google.com/file/d/1H4H3C4SLRCLqPdKCcwQ3MSJZPbMptnLM/view?usp=sharing,,,https://drive.google.com/file/d/1KTpSj9dxNKYOJdBjXkqvtq6yq-UaJkuz/view?usp=sharing,https://drive.google.com/file/d/1D4pelvPb4vCtFE5le5vz0NSpyyfiz5Rw/view?usp=sharing,,,